weight,word
128,phim
108,game
103,chó
97,thể thao
85,cách
70,chuồng
70,người
60,mèo
58,món
56,lối
55,hôm nay
48,tiếng
44,nữ
39,bóng đá
39,ngày
39,việt nam
39,đời sống
38,sức
35,máy tính
33,chiếu
32,phần mềm
30,bóng chuyền
29,quốc tế
29,bóng rổ
29,trên
27,tình cảm
27,rạp
27,điểm
24,lớp
24,nam
23,đại học
23,điện thoại
22,khối
20,tin
19,bài tập
18,bánh
18,du lịch
17,hàn quốc
16,bệnh
16,philippines
15,cuộc sống
15,thể dục
15,nước ngoài
14,quốc gia
14,live
14,công nghệ
14,bảng
14,nhà
14,làm đẹp
13,trẻ em
12,ấn độ
12,thực phẩm
12,trung quốc
12,hạnh phúc
12,da
11,sữa
11,thực đơn
10,bài
10,tay
10,bóng
9,mùa
8,môn
8,tóc
8,công thức
8,Offline
8,đề
7,trứng
7,dạng
7,kem
7,chức năng
7,mặt
7,kinh dị
6,huyết áp
6,ôn thi
6,hài hước
6,hóa
6,văn
6,rổ nam
6,thpt
6,bánh pudding
5,tin học
5,trực tuyến
5,cân
5,mobile
5,tây
5,thi toán
5,chiến tranh
5,stream
5,công nghệ thông tin
4,bánh mì
4,ninh
4,rạp thái lan
4,kinh dị thái lan
4,youtube
4,thể chất
4,lịch sử
4,công dân
4,bánh croissant
4,tiktok
4,thơ
4,giá
4,vịnh
4,buôn mê
4,mỡ
4,lạng
4,mũi
4,bắc
4,đà
4,laptop
4,nam quốc tế
4,răng
4,miệng
4,tàu
4,instagram
4,huyết áp thai
4,thế giới
4,thai nghén
3,bánh quy trứng
3,thận
3,facebook
3,thần kinh
3,môi trường
3,sài
3,thời gian
3,tiểu đường
3,bánh flan
3,đá
3,hà nội
3,vật lý
3,phụ nữ
3,online
3,gan
3,bánh quy phô
3,mai
3,súng
3,tim
3,tình cảm thái lan
3,vũng
3,đồ
3,thi ngữ
3,bộ thái lan
3,hè
3,thi công nghệ
3,type
3,asus
3,cacao
3,twitch
3,thủ thành
3,ngoại ngữ
3,đông
3,thai
2,xương sống
2,shih
2,tin tức
2,tập thể dục
2,hệ
2,xuân
2,đức online
2,tim mạch
2,thú
2,phim hoạt hình
2,bóng nữ
2,cornish
2,hiện tại
2,phiêu lưu kỳ
2,pháp online
2,thói quen
2,u23
2,nền tảng
2,bánh bông
2,môn ngữ
2,maine
2,chuột
2,địa lý
2,italia
2,2022
2,ojos
2,họa
2,đồ ăn
2,quy nhơn
2,kiêng
2,đường phố
2,tập thể
2,hình
2,bánh tart
2,russian
2,devon
2,thanh
2,nội thất
2,bánh crepe
2,bánh quy
2,văn phòng
2,người bệnh
2,sáng
2,lông
2,sinh học
2,hp
1,chiếu rạp
1,bạc liêu
1,bình
1,tai
1,cháo
1,phổi
1,đức
1,thái lan
1,doanh nghiệp
1,châu á
1,trí tuệ
1,cảnh
1,đà nẵng
1,suy giảm
1,chiến thuật
1,phú quốc
1,THPT
1,công nghệ thông minh
1,thuột
1,não
1,bộ
1,xe
1,đường
1,môn toán
1,socola
1,trưa
1,tài chính
1,thiền
1,pháp
1,dự án
1,trí nhớ
1,con
1,google
1,sandwich
1,samsung
1,nha trang
1,mắt
1,tiêu
1,dell
1,chân
1,hà giang
1,phòng ngừa
1,xôi
1,học sinh
1,hóa học
1,amazon
1,rạp philippines
1,hội
1,an
1,da body
1,môn sinh học
1,giáo dục
1,cơm
1,né
1,toán
1,bóng nam
1,ban đêm
1,bầu
1,nông trại
1,quảng ninh
1,bụng
1,não bộ
1,da mặt
1,lạt
1,tuyển
1,gaming
1,ngữ pháp
1,euro
1,bánh cacao
1,galaxy
1,xương
1,canh
1,hải phòng
1,long
1,lenovo
1,phiêu lưu mobile
1,hiệu quả
1,chỉnh sửa
1,buổi
1,body
1,huế
1,chiều
1,hàn online
1,phong cách
1,sinh lý
1,trường
1,thể lực
1,côn đảo
1,sinh sản
1,ảnh
1,điện tử
1,thi ngữ pháp
1,msi
1,pc
1,cá
1,web
1,bé
1,nhật
1,trend
1,bánh ngàn
1,sầu
1,la
1,yoga
1,ban ngày
1,sapa
1,thi công nghệ thông tin
1,phiêu lưu mạo
1,câu
1,u22
1,nhạc
1,tập toán
1,công viên
